dim,err_cor_mean,err_cor_std,err_lfa_mean,err_lfa_std
2,0.203470259314282,0.00829224147417092,0.173742297188059,0.00171343481719635
5,0.210251788592792,0.0142150675782041,0.151364438845815,0.0133469592431623
8,0.21389542202407,0.144024242447649,0.113848993873376,0.0464220715558172
10,0.273638018908246,0.0842656854592099,0.122964278012371,0.0250962852779116
20,0.154646102815932,0.133326303978642,0.0745149721227653,0.0391290577942999
25,0.183114425497995,0.147931898102872,0.0617905196781353,0.0391123067903188
40,0.151637021238984,0.134580686852023,0.0959437356252904,0.0498575016406343
50,0.162167146085411,0.132528114595629,0.107911520628444,0.0243248971500398
